<OrderStatusDetails xmlns:xsd="http://www.w3.org/2001/Lic.xsd" xmlns:xsi="http://www.w3.org/2001/Lic.xsd" licenseCreateDate="040820" csn="22266900" customerName="CRESCENT ELECTRIC SUPPLY COMPANY" deliveryNumber="a415E000000AjHkQAK" po="75678">
  <KeyStatusDetails>
    <ActivationCodes>
      <ActivationCode>90284448-F096-4BEE-A329-07B43E87E27E_new</ActivationCode>
    </ActivationCodes>
    <ActivationCodes>
      <ActivationCode>90284448-F096-4BEE-A329-07B43E87E27E</ActivationCode>
    </ActivationCodes>
  </KeyStatusDetails>
</OrderStatusDetails>