<OrderStatusDetails xmlns:xsd="http://www.w3.org/2001/Lic.xsd" xmlns:xsi="http://www.w3.org/2001/Lic.xsd" deliveryNumber="a415E000000AjHkQAK" Status="In Progress" deliveryDate="000000" OrderNumber="ED00370970">
  <KeyStatusDetails deviceID="Device ID" action="Action" name="Name">
    <ActivationCodes>
      <ActivationCode>90284448-F096-4BEE-A329-07B43E87E27E</ActivationCode>
    </ActivationCodes>
  </KeyStatusDetails>
  <CreatedImageFile Password="Password" FileNAme="File Name" />
  <UpdatedSFDC error="Object reference not set to an instance of an object." />
  <KeyStatus Description="Error occured updating Sales Force for the keyless." />
</OrderStatusDetails>