<NewDataSet>
  <Order>
    <PO>75678</PO>
    <DeliveryNumber>a415E000000AjHkQAK</DeliveryNumber>
    <OrderNumber>ED00370970</OrderNumber>
    <CSN>22266900</CSN>
    <CustomerName>CRESCENT ELECTRIC SUPPLY COMPANY</CustomerName>
    <LicenseCreateDate>040820</LicenseCreateDate>
  </Order>
  <Key>
    <AssetAction>New</AssetAction>
    <ExpireDate>000001</ExpireDate>
    <Name>Key Group 1</Name>
  </Key>
  <Key>
    <AssetAction>New</AssetAction>
    <ExpireDate>000002</ExpireDate>
    <Name>Key Group 2</Name>
  </Key>
  <Key>
    <AssetAction>New</AssetAction>
    <ExpireDate>000003</ExpireDate>
    <Name>Key Group 3</Name>
  </Key>
  <Key>
    <AssetAction>New</AssetAction>
    <ExpireDate>000004</ExpireDate>
    <Name>Key Group 4</Name>
  </Key>
  <Lic>
    <Name>PAC Machine Edition</Name>
    <AssetId>9-34607401-003-001</AssetId>
    <ActivationCode>90284448-F096-4BEE-A329-07B43E87E27E</ActivationCode>
    <SmartName>Machine Edition v9.7 Professional Development Suite 700 Points</SmartName>
    <SmartId>ME97MBP001</SmartId>
  </Lic>
  <Lic>
    <Name>PAC Change Management</Name>
    <AssetId>9-34607401-006-001</AssetId>
    <ActivationCode>90284448-F096-4BEE-A329-07B43E87E27F</ActivationCode>
    <SmartName>Change Management v9.5 1 CALs</SmartName>
    <SmartId>CM95001</SmartId>
  </Lic>
  <Lic>
    <Name>PAC Machine Edition</Name>
    <AssetId>9-34607401-009-001</AssetId>
    <ActivationCode>90284448-F096-4BEE-A329-07B43E87E27G</ActivationCode>
    <SmartName>Machine Edition v9.5 QuickPanel Control CE Development Software</SmartName>
    <SmartId>ME95CSCEMK</SmartId>
  </Lic>
  <Lic>
    <Name>PAC Change Management</Name>
    <AssetId>9-34607401-012-001</AssetId>
    <ActivationCode>90284448-F096-4BEE-A329-07B43E87E27H</ActivationCode>
    <SmartName>Change Management v9.7 10 CALs</SmartName>
    <SmartId>CM97010</SmartId>
  </Lic>
</NewDataSet>